-0.8276245497401008,-9.938790536574631e-06,-0.7288526074079956,1.7011984871734086e-06,0.17733638329496298,0.13341379862844385,9.10062092950826e-06,0.7704412717249182,0.6780683054547824,1.0
-0.7567270738414795,-0.7128413174615049,-0.743188849173426,0.08135290759873494,0.16243839351309838,0.12529379469739077,0.6748013571446676,0.7586815813127571,0.6950357379938239,1.0
-0.7550623197635724,-0.7368825599646672,-0.7445071639121694,0.09618285047263885,0.11941538682920133,0.1110692305934939,0.6881258941596842,0.7048041933716624,0.6969114047739556,1.0
-0.7502835968746824,-0.7393017482973631,-0.7447114074147887,0.0967782446756381,0.11588116864820797,0.10704504637740254,0.6900033092548455,0.7016986376719617,0.6965196620422943,1.0
-0.7535743353375897,-0.7244117167573823,-0.7441630899425045,0.08339891050616018,0.1372052421479953,0.10754993232379481,0.6859283474279753,0.7130979010121924,0.6974192522865206,1.0
-0.7774254240122613,-0.7200513431354816,-0.740606071342209,0.09620380312625072,0.15995135761865742,0.13221191127724496,0.6750250556763057,0.7173238151370439,0.6976606946316315,1.0
-0.7599557096758054,-0.7162556718516637,-0.7419166923599043,0.08165252679289128,0.18091624848713897,0.13006781319799973,0.6523794087922634,0.715113027516038,0.6959964117892541,1.0
-0.7827305068623596,-0.7313329964547877,-0.7449703748649392,0.09164399807094988,0.16592548620280637,0.14530388180148293,0.661868450242214,0.7023684401851604,0.6908890846189623,1.0
-0.7433723660645435,-0.7272981085628998,-0.7382303985653337,0.1170846742694139,0.15054361668357957,0.13534107178938354,0.691275421933317,0.71364348168338,0.7009641284668654,1.0
-0.7429046852302859,-0.7343190486583275,-0.7380870376988733,0.14268755724999993,0.15340169640205406,0.14777567457912347,0.6949518095363129,0.7038075546539038,0.6994520060599391,1.0
-0.1260027241663339,0.5807879501769,0.15825936450915332,-1.1923619757294475,0.5865088892751993,-0.20837455134607125,3.671196172679601e-06,1.2310255508262393,0.8474772497085002,2.0
0.12531013461535168,0.5033183436546445,0.2949202411812237,-0.3478729522945886,1.2931549037552827,0.15028951454295786,0.33582343304972145,1.0762069703497008,0.8829932604891537,2.0
0.1815491530319092,0.6781726370242954,0.39142316533047644,-0.16129009309975317,0.5095975672899659,0.2098184717249109,0.5300906688779489,1.2739707336540336,0.8734500067483687,2.0
0.34539972332109864,0.45427480581197593,0.4069022941737829,0.023146397066762175,0.33287393275720856,0.18502142067758712,0.7858522418306619,0.9588671171784744,0.8743183084575185,2.0
0.39957673679797323,0.4210319816249736,0.40774275116873754,0.15732064352590924,0.19794579468640727,0.1818868925460522,0.863007186700036,0.8869997776446321,0.8760746629727026,2.0
0.02678613721204572,0.7830141227396269,0.41257479599516944,-0.2378087433031345,0.34839342586380234,0.16618211112009532,0.34174450822839625,1.0412805307840634,0.8659206091248461,2.0
0.09248558050861536,0.36063788940242425,0.300183269604854,-0.21791563356993493,0.11765254348614934,-0.055396673421933204,0.863499068385881,1.0302591795400455,0.9297354464941165,2.0
0.170850059738665,0.38540233381939326,0.30729293134013586,-0.3440326166519143,0.38449496375167724,-0.048314996090796904,0.596555590631985,1.1797001393325723,0.9235805133800316,2.0
0.13235216453437068,0.6733243421631304,0.26750134592021335,-0.1403014022228634,1.0263796931485245,0.1936925760436619,-0.014104766164619718,1.181796631311567,0.8257408072615238,2.0
0.13551716171221156,0.4654790517920037,0.2087279647452418,-0.21231402201178257,0.9967733011781195,0.09764664557408101,0.20548945037653418,1.1113121974496345,0.9322380362587799,2.0
-1.1661468020334003,-1.3470535493106315e-05,-0.961648413998098,-0.31061078672250825,0.5812583586292567,0.22596819920101247,-0.19432062661357927,0.21077351581248327,-0.0733835601568962,3.0
-1.0872841501091688,-0.8558041241858088,-0.9769921983456952,0.01734658879229665,0.38210890151408883,0.2411732868876935,-0.27046755878655127,0.05265740385690781,-0.07035816507696797,3.0
-1.0218302449366203,-0.9471499435495349,-0.9941084669624063,0.08744581510808828,0.3079727104765684,0.1919888958933405,-0.09406350822602963,0.0851284589782219,-1.4344306288018416e-05,3.0
-1.228152407180533,-0.1695621100068842,-0.9105835226823364,0.07928436768948607,0.9116513838584633,0.3197905948050585,-0.5054779805614682,0.28006982894115634,-0.04626125366047555,3.0
-1.0086487661149055,-0.9660074175360264,-0.9849183006669212,0.1870180685702262,0.2643249352990515,0.228577809222416,-0.10527208293864924,-0.020516736229188606,-0.050502387740842376,3.0
-1.0334049370780611,-0.9166789694593205,-0.9875404424288828,0.17173002939240176,0.31449985079214604,0.22097433144292333,-0.10399064778143068,0.031482887970147956,-0.031908807788612534,3.0
-1.034443176562118,-0.9320446016357702,-0.9878546076173906,0.006664401699942895,0.29870415967451286,0.23085787928833063,-0.039678060340715825,0.11730078860042038,0.014527757741072794,3.0
-1.04037546420415,-0.9153428349598982,-0.9747181693384234,0.033781031327409686,0.39775084755013207,0.2770392020246238,-0.025875619255709796,0.1044259871733859,0.013909626931686259,3.0
-1.0794102460250132,-0.906288957503798,-0.9816637373191696,-0.009902093894352216,0.3212256726667546,0.25061245728439707,-0.151791068403406,0.017263488276666003,-0.024371391244694274,3.0
-0.9992134287334449,-0.9242723235636928,-0.9589447280115371,0.145315120668475,0.3915422204495214,0.29745662988178107,-0.15437657032331412,-0.01357663116544703,-0.09789004338597466,3.0
-1.4920421746717087,-1.0094725976557002e-05,-0.7043925967873278,-0.433622693118299,1.1505774076192332,0.40083303028684314,-0.9117603736185771,0.7849355827069526,0.33697910171653067,4.0
-1.2713497302373773,0.023797502938587616,-0.7234167150459961,-0.22896711700574604,1.1087175406696317,0.4810350786709448,-0.9129948774327925,0.605628009123805,0.05356080025593736,4.0
-1.4123407725184098,0.20561752470871145,-0.5637982410623195,-0.5862454165991889,1.209385577723606,0.504717197553367,-1.5226325080803453,0.9900352215579274,-0.1053141754264571,4.0
-1.288749398482017,0.1935815588032633,-0.599575930818153,-0.26725194906822997,1.1126827478114723,0.5769911529851863,-1.1660403162208821,0.7672184064134062,0.04871412350448158,4.0
-1.2280020196701509,0.037307505073617825,-0.5049423912609998,-0.6561357889413821,1.0900615310967887,0.4438472118657911,-1.0059378106560106,0.8367461899632228,-0.24619355565102471,4.0
-1.3210089845037751,0.2275906954292422,-0.5736728132203956,-0.827011497456268,1.224391775977622,0.42800408028263154,-1.4082988830500132,0.8413208621166028,0.0026839705430705507,4.0
-1.191937831881969,0.24290373263674275,-0.4791502120101624,-0.9147748619251951,1.3282190763358424,0.5189672723432288,-1.421304171320386,0.7959374419885831,-0.0835301676182764,4.0
-0.8497516206732921,0.24157031475252455,-0.4786549895060034,-0.5774582213446957,1.1216247752810151,0.5540055929848676,-1.7776093025987818,0.9172649875805174,0.07930719827989816,4.0
-1.2696436577196262,0.08970263094776082,-0.5994286892473195,-0.596714009866353,1.258043259393206,0.5079766012561633,-1.4940974518408547,0.88834854141974,-0.0766512272223835,4.0
-1.4748602491667138,0.06464437284084816,-0.5643215286856148,-0.3879647771124079,1.2229215444069246,0.5131695565783516,-0.9551981845138996,0.9469893805115509,-0.17217759963181428,4.0
-1.1858175168813496,0.018451711565155616,-0.5341600670068843,-0.5137961061483709,1.0774099107586557,0.634178874893561,-0.8450932154711006,0.6755605612039026,-0.26539321910225155,4.0
-1.225855461503993,0.13442758693732668,-0.5724149734632459,-0.48357565776732503,1.2448496453229787,0.5477619675347055,-1.6959981375929407,0.7225344299178498,-0.1559261577010036,4.0
-1.373346376417745,0.12003754937280753,-0.5569570976213863,-0.9064389815281715,1.1109384662320425,0.3766175061466139,-1.8249440872091964,0.8065805927763076,-0.2164568222004217,4.0
-1.3569439444959839,0.029246428203540675,-0.5686062185871215,-0.4048622078741668,1.1873320770816416,0.5311491829906713,-1.7588558214984473,0.8823584342887433,0.09804924097914422,4.0
-1.226040122869062,0.04688867707352449,-0.453246463638852,-0.3892962979856919,1.3007325737368987,0.4789127578313288,-1.6742778556371785,0.9768422363371454,-0.3133613603506958,4.0
-1.4080483932962402,0.0634668585848409,-0.7478926839499065,-0.2748034587989441,1.0353801242631326,0.506132472460497,-0.4409847529841574,0.7081494863565713,0.2852217647787281,4.0
-1.4029690254131224,0.08152773452143819,-0.6213680374160511,-0.14496629272757122,1.2077470205780014,0.5837167981223254,-0.07301795250351725,0.8842093509919,0.3041465463414309,4.0
-1.1253282320003497,-0.2391253735631301,-0.6152138964288092,-0.014083805850713914,1.4744264857556013,0.6824679163309576,-0.3627592154540283,0.8479697429007539,0.3024316783666591,4.0
-1.2520256429248635,0.05125632508294186,-0.4379568004289185,-0.19422965475108186,1.5391882172522868,0.7539585975527195,-0.5963333782755194,0.9452485853744605,-0.004868970968100683,4.0
-0.9296806917190399,-0.040633909611193696,-0.4223012095689825,0.37041021885079817,1.0749404715722992,0.7657836391339454,-0.5879466257640964,0.9120946989445239,0.18741454713614297,4.0
-1.4672608336132413,-9.834966513875372e-06,-0.8267110760214282,-0.04271350159168366,0.8079838693266629,0.47522354995835187,-0.3172548490546133,0.612277567142965,0.04004236667530066,5.0
-1.4966569187236638,-0.42776675411467224,-0.8494537854045174,-0.053592964760843714,0.7911079203188188,0.5345341722888135,-0.366608333353682,0.5540145893046641,0.009333328612936188,5.0
-1.346225481682344,-0.47701823842645563,-0.8828988468271775,0.05773018753594156,0.7194931537849445,0.4076775465269356,-0.2758835259835513,0.7383398909718527,0.17580987404072798,5.0
-1.2088916443267916,-0.34110055654390853,-0.7804422128674519,0.23746192548042508,0.9250517985016311,0.6386456498027943,-0.27520736544582775,0.5177340449821543,0.0925119419114841,5.0
-1.1011727842801757,-0.3585445233142578,-0.7423373707524882,-0.967401300886042,1.0037383366607218,0.2954184984767305,-0.23594255540034795,0.4151429273766427,-0.01570237105553346,5.0
-1.160312397115975,-0.4069653637701116,-0.8384718450547298,0.12634329701111688,1.0463742240588343,0.5484383023464222,-0.4759826390882189,0.5797661849018774,0.04875868767215107,5.0
-1.2708788359426966,-0.4932409654198912,-0.8844518919035066,-0.5297130048511769,0.9969482605736075,0.3455134286614912,-0.47629733397333684,0.5497978695167831,0.13831718297482923,5.0
-1.1805918180184107,-0.3894830332159607,-0.8459376219884948,0.06479466726654091,0.6824328782636252,0.5014737978154514,-0.030428699685188344,0.7893164612096588,0.29022619920594833,5.0
-1.1934470203918561,-0.3104972390792776,-0.8077152276141674,-0.1469809145421021,0.8805601754005429,0.5413981032083969,-0.2511892958468939,1.014734847674111,0.10058762284171895,5.0
-1.1481125063356141,-0.4121047933100645,-0.807475687189935,0.2721326656719758,0.996180798538933,0.5672417628477773,-0.4342119364366965,0.3367499721748253,-0.09914513581167311,5.0
-1.53816031477073,0.7360917176289526,-0.11719037169896557,1.1664981234077695e-05,1.5974248336367391,0.8196803817423656,-0.2863227657568463,0.4267017877996714,0.099451100900632,6.0
-1.4929465226930179,-0.13467014051911783,-0.6920763434817188,0.2736088552436846,1.0126416141831527,0.6668966481099325,-0.5661771849558253,0.41040241319537635,-0.06686385955673413,6.0
-1.0504775893766165,1.085733925520569,-0.03721937825862517,-0.08715637412167215,1.0400153214655696,0.5287283359644571,-0.9749624452329696,1.4849263319360195,-0.23259166890132524,6.0
-0.8122516313439131,1.0009388211174768,0.21689275667991564,0.336782546307417,1.1830652554433871,0.7130933598956438,-0.9055335758780092,0.6830369562782086,-0.12248643564849637,6.0
-1.4475403028295821,0.7463181021495103,-0.3389039336700886,-0.06740517204487405,1.4488814634330411,0.6018372457488598,-0.548692518106486,0.7063529843401418,-0.03134472844411709,6.0
-1.0856394785050478,0.7890171986659946,-0.07617753369876289,-0.10117612198353075,0.9830595156402392,0.618072289582387,-0.5716687841849903,1.22660619194015,0.2702538825053257,6.0
-1.2795719670476415,-0.13546586410478517,-0.6861689700926508,-0.35652022815696777,1.0905122776760117,0.49402446640254083,0.08765976854155874,0.8620365021000703,0.5196218750392461,6.0
-1.411599687391818,0.3337680962940166,-0.7160006857655944,-0.10524373540217649,1.2140100654605843,0.5511827508358926,-0.6605283791085352,0.5371569304150199,0.005009344029954775,6.0
-1.1954226768681546,0.4802907150174039,-0.1795842662224877,-0.456323447810619,1.8921830579263466,0.7986167163765909,-0.5773414803019595,0.7580037642824777,0.02348210338923931,6.0
-1.2203824326825927,-0.42792431351907234,-0.8213786548500821,-0.10501894986651811,0.7713057651150299,0.4021459446754055,-0.08867473614394693,0.7023815329768524,0.36951820374907335,6.0
-1.516264637603112,-0.13066411535210434,-0.7827627625775809,-0.13070980316445585,0.6786432431189529,0.255201002859702,0.012067640944676914,1.1871672470218695,0.5263956627997215,6.0
-1.4128706755813287,0.4636965595290589,-0.7452526560694875,-0.6223396071111019,0.79314423785485,0.3346255575153682,-0.37638228287319986,1.159891943608017,0.3517356101394948,6.0
-1.3905594310614715,-0.325267527451102,-0.8150196162310454,-0.007114245520773131,0.8845342730420971,0.5243068085576615,-0.6724283301921726,0.4420352591075386,-0.11171288645713606,6.0
-1.2487624709551626,0.017523790667988412,-0.8571056108313128,-0.01053116880342664,1.0240663229627256,0.46074939393247955,-0.43111691168864635,0.6409377982311445,0.04721027117793244,6.0
-1.190294329343469,-0.7538677501792925,-0.8562970234029514,0.33954059274825465,0.7229062996888163,0.4830799005072368,-0.3699161468681057,-0.14331905147435,-0.26206969506113575,6.0
-1.4616090442919254,-1.4821178349219608e-05,-1.0278429265437572,5.822387383075796e-07,0.45833009776007827,0.20154906009856197,-0.21310514441617961,0.32673478079326057,0.11359676198519736,7.0
-1.8792950223844447,-0.6142358639448132,-1.056423266787176,-0.681861507688477,0.6326500423793652,0.19563083110271365,-0.5545714626063085,0.5504639150186392,0.07820004362576094,7.0
-1.4969975343353563,-0.6268332951005768,-1.0728997182005386,-0.13226485953718067,0.49257342851819225,0.18749802395053514,-0.28652168441023296,0.3934591910900087,0.07216808976815153,7.0
-1.5683329057733557,-0.594376426671714,-1.0635730064377897,-0.10226913082122696,0.4417193251017328,0.1815585474364763,-0.16560039268415908,0.3740543922051661,0.10979675238890196,7.0
-1.512978442478573,-0.6167816324683578,-1.1125509529002302,-0.18185262429935106,0.7054088218356673,0.1817488750330321,-0.3339519374755438,0.32306540341528284,0.010929579258493163,7.0
-1.5216301768109095,-0.7450889656235921,-1.0801676823924626,-0.09375226609030012,0.512636627506452,0.1934500759592512,-0.26868854730168745,0.2912932928763192,0.038615058289819044,7.0
-1.499049969556109,-0.755991670407782,-1.1122574967930072,-0.06729424571914336,0.5697767881721864,0.19665854011437067,-0.2879116494015139,0.3012201651586897,0.01860431595471234,7.0
-1.5314656051879372,-0.6365497634981548,-1.0926047450644911,-0.19112527243023575,0.8269209289579647,0.20805343661934092,-0.3347729336072765,0.28819948723345756,-0.0031853741990175237,7.0
-1.573456448247587,-0.6287865999266409,-1.0764049278052499,-0.1841065188158018,0.6837445357243241,0.22933907191857603,-0.3128842633559462,0.2851437462159394,0.016959290054753405,7.0
-1.5048629633784012,-0.5062087013478024,-1.087646888973974,-0.2329984396167322,0.4923057750661572,0.1735993584370132,-0.3650717373950742,0.2592611132547197,-0.021556230575574892,7.0
-1.580173746309491,-0.562357552076995,-1.0560640838591215,-0.18543704172538808,0.4472748817386279,0.17416042587256766,-0.3843872929117694,0.2605119554911872,0.01658929178659087,7.0
-1.6468477062354516,-0.5752224818893625,-1.061533004200489,-0.1852409118846584,0.5076072631727212,0.1553420862476517,-0.3145363632543902,0.20277812529668043,0.006617274727819225,7.0
-1.6512662713401536,-0.580795453812697,-1.0951386980113307,-0.17295704628699418,0.44163845703297905,0.1453444166774699,-0.3264549862711277,0.30552648523752557,-0.023753311080273096,7.0
-1.5286609274821688,-0.6009496360887963,-1.0657928688883274,-0.20803097799951,0.46589831672758464,0.1419401970918297,-0.32660589136587415,0.20317386332293055,-0.01355473306496299,7.0
-1.635263915605553,-0.6147208381159874,-1.0825502846668804,-0.1872113027874518,0.5192013143976009,0.15061987724697334,-0.38648393673623516,0.24621796235629198,-0.011886227467507133,7.0
-1.5350358780372206,-0.7452987727960029,-1.0928493183361383,-0.2661358272182182,0.46722968304320783,0.16571476823174944,-0.3569729785349153,0.28594091212938744,0.0073082303234228,7.0
-1.5572947665932326,-0.6988361905474884,-1.0889897204650107,-0.20704786562644437,0.4465341476981396,0.13281100383754232,-0.43711658467699993,0.29347799739223984,0.004119837351834485,7.0
-1.9275617492611619,0.8954834528245201,-0.8507708000453601,-0.26429913806031885,1.556700119516879,0.28886743548013977,-0.898179687746174,0.32391301268907935,-0.11909439132518376,7.0
-1.4450341331722734,-0.6942595060085666,-1.0360329231576586,-0.1976809265159793,0.3812479652672425,0.1469970695216251,-0.3082926120412071,0.144941256068082,-0.035922097544852635,7.0
-1.4693027327094919,-0.6825007121148472,-1.0489388556154013,-0.13737776614529162,0.5846081181798766,0.17639588190468208,-0.39379465116866524,0.14370640755842645,-0.056367287517985545,7.0
-1.4992360065135264,-0.6617228158404377,-1.062547696815322,-0.2377728370310461,0.4843708817020903,0.17849778513341522,-0.4319309127314427,0.24306709358471518,-0.019792606780038392,7.0
-1.5246073803022993,-0.5759207658038947,-1.025161303791389,-0.3271689144792795,0.7139578235799918,0.1926429772301433,-0.6655630833405286,0.20740327547074935,-0.05073432652535916,7.0
-1.5550711068168275,-0.6790279053128859,-1.0752705317663116,-0.2944669989187918,0.5852898094219632,0.2056939991049681,-0.5134788443060511,0.2750836130983321,-0.04336671464271025,7.0
-1.5399531306628984,-0.7316930394158389,-1.1056798751315837,-0.1477194753903402,0.6922851571382446,0.17204702724349596,-0.4082792111036899,0.24083379752335132,-0.03916274452364219,7.0
-1.5267828722993655,-0.6032304823461064,-1.0582781386434008,-0.24674350784007945,0.5951804271330267,0.16926837254423613,-0.4099357846645729,0.31074391568273185,-0.08050521943531155,7.0
-1.5290368165184793,-0.5582338504486493,-1.0344140930472407,-0.44301565048617736,0.5408778966542144,0.12523463372472612,-0.4634722640962797,0.10795103966399926,-0.1147796741851167,7.0
-1.482949209546452,-0.5072507687963254,-1.0632702403182697,-0.35441181919942705,0.624326282750596,0.13412693069447076,-0.5434989362949965,0.14291566856741805,-0.12013880714979505,7.0
-1.5517738545189803,-0.48872633909436447,-1.0655813356822184,-0.15719697688444417,0.5357711910978838,0.1845233725003104,-0.4225184622743638,0.18683114792293917,-0.11774418919040128,7.0
-1.5885698134349648,-0.5535044710030939,-1.061182979784749,-0.07366333732317248,0.492129037665789,0.17953448663383254,-0.4114521841488498,0.12211112496641655,-0.08315029768984002,7.0
-1.677720441908022,-0.5412413342483882,-1.0484551924325467,-0.29479084504547665,0.3962763985684112,0.10243722517597252,-0.5624315782671371,0.1856324536150964,-0.1046771693357008,7.0
-1.5485677655091505,-0.568196386545805,-1.0639384731721553,-0.21351752109958544,0.7030379031669204,0.17312844430834018,-0.4991053979015771,0.15733581859250337,-0.07795353331846706,7.0
-1.563497726690802,-0.6396193068683032,-1.0917679351823868,-0.2104296358982568,0.5434157497813348,0.1774632456753344,-0.3827648806300633,0.15362332122182462,-0.0441050909895668,7.0
-1.3240410094655486,-0.7975970968133606,-1.0108710482917453,0.009995059619094126,0.26004259870216795,0.11065207733073247,-0.3167251518477473,0.12849320466251302,-0.09717074414905001,7.0
-1.560951261991218,-1.5133580978340304e-05,-1.0938358476377734,-0.7221820075663606,0.6583057864877901,0.1976214978074001,-0.5865855715983147,0.2623814677556597,-0.16669488903592009,8.0
-1.4058540444993781,-0.7087823773762707,-1.0653533888565903,-0.4688867414669245,0.6759173890333026,0.2204898891911282,-0.49420433691361015,0.26261341046864994,-0.16349830352690584,8.0
-1.4115771640269241,-0.7302150314858469,-1.0178844620510947,-0.1864680328874845,0.738044145302224,0.28541340630749235,-0.42140337550315027,0.18262066038140923,-0.0771666119431417,8.0
-1.3830415025526033,-0.6471742796186111,-0.9946608764843415,-0.25094918056643073,0.6804192060150043,0.28645241255437837,-0.5199401961122139,0.29153752727683574,-0.17096133336112185,8.0
-1.429789551651262,-0.6069308770011133,-0.937130183060574,-0.10544854381828109,0.8015245426383916,0.3261642413665677,-0.6058635650192709,0.061608531828016476,-0.24684928766734385,8.0
-1.565814934148281,-0.5169515798547074,-1.0105567164193316,-0.3129433733557851,0.680716323817166,0.19361917864048325,-0.5060512186845423,0.22188798751040403,-0.14977417663338558,8.0
-1.4565712240882638,-0.7260912686949593,-1.0414016187181834,-0.2949599622498134,0.6424188466154553,0.2382647634430593,-0.5072575184233555,0.30930436384672577,-0.1286463423283176,8.0
-2.10653227120191,-8.380499635062816e-06,-0.9256224290785371,-0.48110677464669876,0.5729966510612567,0.06291553515110411,-1.0866580855429169,0.18483571291256778,-0.27610519778712195,9.0
-2.1337406444470504,-0.10720410172158616,-1.0260776379098688,-0.2324204717440733,1.0678210654397111,0.18741005292714352,-0.7544291333773292,0.5042633501752628,-0.14425646543361487,9.0
-1.7705753261102624,-0.3690228447156947,-1.0111273965089882,-0.5026875624322356,0.7285421743793988,0.15725510291941328,-0.4533125154559622,0.3303008537586517,-0.15186732336529685,9.0
-1.9742852072324997,-0.2000343351811675,-0.9888941575584549,-0.4560564764738581,0.7622924960922828,0.13611650619791776,-0.7796427471191857,0.33707009295997253,-0.14712872495755522,9.0
-2.1065645182498502,-0.2061655880478496,-1.0263562224018872,-0.3377610199119042,0.8241978383609826,0.1346567570046164,-0.7364351913095479,0.5552605384897235,-0.14201160079339667,9.0
-1.9614788952239917,-0.19982086837371435,-1.0262988632019425,-0.2858937144147039,1.1448423586767396,0.2328829687407183,-0.6332993201082416,0.3398328863163347,-0.14866340214058874,9.0
-1.0438986209599597,1.1566786817240746,0.1024959692003315,-0.07913547120135336,0.522031632225986,0.24984875307200222,-0.26483932097991786,1.1111648904761349,0.6832619715799776,9.0
-1.4063297426461299,1.2454368160800118,-0.22439454994362842,-0.7135348456969763,3.2558244659123936,1.1378474318723293,-1.197162097264457,0.263726800150679,-0.22825298104335792,10.0
-1.6352424860223702,1.3273872758191314,-0.26707982050313067,-0.7788668659102115,3.4789847591367615,1.201337415955893,-1.1061831698155755,0.7064835049266871,-0.17037845498665638,10.0
-1.4313772361930324,1.1571321382050215,-0.15349338486728553,-0.7690010461479792,3.2568647824021677,1.1588507557355665,-0.9918923029970083,0.8315328975520637,-0.06695859609148092,10.0
-1.121870593877765,1.0788514943309653,-0.24881469449271912,-0.6291500830676793,2.8912653827082075,1.105239806431486,-0.8107583936197721,0.2791491215654684,-0.1256416844833624,10.0
-1.4259460614630308,1.2302231712866916,-0.19664283143018263,-0.7390526314130779,3.0197373088002255,1.1471760461491611,-1.097198921397168,0.33109241164288916,-0.15802517866731874,10.0
-1.6341134307931877,1.147673878342952,-0.33059178593835364,-0.8316259577912453,3.043706488547951,1.0838707537727155,-1.944991261744239,0.42333764880457386,-0.2184851630909112,10.0
-1.2924508118180178,1.1639626534448362,-0.1578409240576837,-0.8799861108046457,3.2239277524695145,1.1580998262996463,-1.3194432331381671,0.5371607426647628,-0.2174786876316882,10.0
-1.6482067886180185,1.1841511539032579,-0.28451181000042186,-0.6884230827229305,3.4660032726725594,1.1443820379584513,-0.6399513956059033,1.5606963417216289,0.10448561907934532,10.0
-1.0858137939298187,0.9554384229899148,-0.16226192383308996,-0.7410676111311153,3.2907143850426204,1.1484458216464222,-0.754417946954699,0.6519074082307588,-0.04084088237385248,10.0
-1.2881969418378965,1.063282184850625,-0.20760453152685845,-0.6700719006900447,3.158841009285092,1.1632181781544888,-1.083658600871924,1.0141830948607553,0.017924529767282975,10.0
-1.5705313927950164,1.1153575379991778,-0.36705237878480457,-0.8449310218446854,3.270115129120837,1.0314069596127857,-1.2580928921689505,1.6570157936389303,0.2764625246699924,10.0
-1.3882703851902252,1.0698227837253544,-0.28449176835935,-0.6617513215179016,2.9860020772630094,1.089575766198174,-0.5638826149760666,0.9026089804304906,0.22026267815931438,10.0
-1.3020819020942465,1.2047865293743518,-0.37861289417074057,-0.728168759816587,3.088443861102544,1.0923987367698542,-0.5555312246594049,0.8988159535792387,0.13692865362202586,10.0
-1.3692637080804528,1.0979274480163392,-0.24272218807497642,-0.998648751220554,3.384084500094974,1.1673702223715294,-1.0402933309879876,0.5787449613451167,-0.060718204731167146,10.0
-1.5057258223391001,1.0339369972816772,-0.2964457621984825,-0.8162147910589416,3.129159018599092,1.1247972824378671,-0.5905990172983417,1.2430216074315377,0.1773612384529829,10.0
-1.399131422338318,1.0763290650795807,-0.29843242594924824,-0.7493612652067752,3.2444848160326933,1.1614355612421072,-0.6221887257438237,0.8986864281437883,0.172556882042978,10.0
-1.4718624422954532,1.1420726892848216,-0.24096084686520405,-0.7187872237789588,3.3463019171984105,1.1694467027356863,-0.5848352804520256,1.3159611166586958,0.05425956839840911,10.0
-1.5627037310749383,0.979927552666897,-0.2585501193114653,-0.8919879317478109,3.3722621079114203,1.1486881251595327,-0.5856518779926175,0.8915130605352518,0.1094752955609645,10.0
-1.1261234911452727,1.1178656577450046,-0.17258534060313097,-0.6804884507666731,3.2870411731265587,1.1603393521251282,-0.5199202046866523,0.7984659396566232,0.02121253569994645,10.0
-1.3545225867500055,1.0551071665972884,-0.2227590308588074,-0.760918794480768,3.617532066938913,1.1451200632894858,-0.8709250234269408,0.6870373646248714,-0.10479989319082805,10.0
-0.6143713331138225,-7.4454187443245366e-06,-0.5401600266244029,7.6155784742285736e-06,0.6582103179090838,0.5733878682970592,8.177637332067846e-06,0.687674485561461,0.6174973841172662,11.0
-0.628998937357415,-0.5141362582753928,-0.5761219090961575,0.43461744287300175,0.613134015902538,0.5415969344264424,0.6071826598563758,0.7028886337357046,0.6460214586228636,11.0
-0.60624747642565,-0.4610260636461729,-0.552719147050469,0.5004060973956981,0.6548446958342871,0.5766795535660513,0.6015812021790776,0.6871034128699622,0.6376506648531954,11.0
-0.5680230904552256,-0.4323708278040047,-0.4889519752231472,0.4724065875292619,0.703170089835033,0.649669056491404,0.5278303740462542,0.7250916995571948,0.6177269329498598,11.0
-0.5041997440694551,-0.43341043239539184,-0.4608929249745164,0.6199286902670064,0.6973031628822643,0.6709576147312211,0.5933257170645515,0.6351021212683561,0.6175037813001056,11.0
-0.5305522331661398,-0.4529641379160691,-0.4834326224775737,0.5948217398470278,0.6881333508074119,0.6563345352202243,0.5876837119691691,0.6381217289074017,0.6175101758841338,11.0
-0.5476401089003912,-0.4092011168335985,-0.46625636349539124,0.5298242002622074,0.7134974875617699,0.6615491099974203,0.5426017386163571,0.6603745302692019,0.6193333371099606,11.0
-0.5763228906561483,-0.39470997429727805,-0.44845528511403077,0.5247126465847922,0.736316771076976,0.6807886201323791,0.5783345557335351,0.6602895746275681,0.6101489080597644,11.0
-0.6026011399498721,-0.40321465761628694,-0.46613691814887837,0.4603080727130101,0.7203031651716998,0.6600103142505215,0.532776526112093,0.7109520981509705,0.6178649073210931,11.0
-0.6633403230052579,-0.293510807010191,-0.494951370296189,0.4246815162972893,1.0151790986362226,0.6626363628735733,-0.031188948220883608,0.7541357421044227,0.5834137168998739,11.0
-0.5342214470851022,-0.4624193217637612,-0.49284991456695765,0.603572923891559,0.7066380803578337,0.658714071777935,0.574490679788157,0.6388999220733108,0.6079561585730782,11.0
-0.5786794229460354,-0.43035430974941935,-0.5010358126427644,0.5534202462151693,0.736358421171133,0.658031918067557,0.5547140512789823,0.6360596665291922,0.6000955336300007,11.0
-0.5392051568922112,-0.43833567944690743,-0.48022292274206085,0.6183028149614581,0.7176185635551757,0.6761543778180326,0.5752444334985959,0.622180001809082,0.6000246643658458,11.0
-0.5088604611243296,-0.43117308582231095,-0.4610370522401579,0.6216126318270291,0.7098962529911588,0.6785580237027488,0.5802527264820379,0.6513665279808407,0.6093542814714135,11.0
-0.5163935708753673,-0.42921392092035165,-0.46434084219816113,0.6209906338667665,0.7182515481130031,0.6778066579295701,0.5784939240386098,0.6299498813991508,0.6086140119625264,11.0
-0.5109134945313635,-0.44445314482788,-0.47409105254224565,0.6157390646437132,0.7057583861033137,0.6714272778371965,0.5862751736033178,0.6307007754276853,0.6087132371008942,11.0
-0.5313824600390137,-0.43555153525940105,-0.466390664635016,0.6119049744185752,0.709447858402661,0.677142249224221,0.5818729315302995,0.629702019881001,0.6068341553521857,11.0
-0.5082945946975636,-0.43658219233080015,-0.4675624539282329,0.615880255427601,0.7070394601600194,0.6735520886244526,0.5835126997544802,0.6364037948401084,0.6110168906101594,11.0
-0.5164253005458732,-0.4310632352136515,-0.46037984426551753,0.6148191420374082,0.7074568631707867,0.6773991667482282,0.5738755789127168,0.6431970119239366,0.6119614890794925,11.0
-0.5103091529764995,-0.44429905000642744,-0.4715815346467183,0.6251677933723382,0.7049491832817705,0.6726069455869085,0.5889631698781559,0.6304444745596633,0.6099809249937702,11.0
-0.4977317016655122,-6.146887305494353e-06,-0.4569569498417613,9.853444797044637e-06,0.7878914729304914,0.6689760168001577,7.906179387955311e-06,0.6579250080035761,0.5886016218048001,12.0
-0.5246112368710997,-0.43796349237137755,-0.47919399241604005,0.6278864411220821,0.7236869355502115,0.6803930056469539,0.5555102795638429,0.6190877221921007,0.5938638875683935,12.0
-0.6571552179145171,1.089561942013018,0.37846881014480427,-0.048919949571081485,1.4342519867722028,0.5810197642949739,-1.7217809331574483,0.7427673427539498,0.16336937907081533,12.0
-0.7128930246877775,0.9372025168088639,-0.029640233517262145,-0.1365488537120854,1.138460504040123,0.5396708351024302,0.09510172568665579,0.9881481269308291,0.461715933048367,12.0
-0.5696761187967708,-0.46745881748094786,-0.5250930502736939,0.6742687532559178,0.8398546163706727,0.7592977762503154,0.3979531265691806,0.4528892745482132,0.43002855698450115,12.0
-0.5540665038638898,-0.4581706438375281,-0.5068571093183919,0.6722366098156772,0.8537364761217435,0.7729815145486084,0.38985917615039545,0.4572808017121346,0.4256581215131768,12.0
-0.5693273501867343,-0.4599495340379588,-0.5035079318092384,0.6955873682085054,0.8405124133996429,0.7813890144700072,0.3920305930799194,0.4597366876230627,0.41911186123555155,12.0
-0.5602823812871943,-0.4713751714330245,-0.5119521095978092,0.6800294708325941,0.8382963495479755,0.7655390131570825,0.4100083157813685,0.46635196067758816,0.4341568380237587,12.0
-0.5805663180889059,-0.46893180126022027,-0.5180273562113678,0.6518187076328056,0.8131667068590022,0.7573149712454063,0.41700789328577775,0.4746123561710281,0.445939632573516,12.0
-0.5843276252279738,-0.46558535580987953,-0.5244999857858605,0.6367809923176782,0.8264939049389639,0.7511887169013238,0.4131446655827564,0.4849916789227037,0.44668102181474817,12.0
-0.5575213849455902,-0.4678684044284616,-0.5103889538090463,0.6771833534452549,0.8397830310849842,0.765192073215799,0.4113977639200932,0.46185222576049434,0.44149614149036087,12.0
-0.5828423314475341,-0.4901666110425594,-0.5279419168205598,0.6655690539178872,0.8160680350604391,0.7514336117605022,0.4143961449653586,0.4794637193999683,0.44510055204018106,12.0
-0.5495372105773088,-0.465947726981573,-0.5091865695098481,0.6727717844451905,0.8330885023005355,0.7562289016073426,0.42352027631020267,0.5093395588177555,0.45681352255770935,12.0
-0.5846941824474589,-0.45996887750079385,-0.528392403301108,0.6747507383534365,0.8490324506901638,0.7329341427878162,0.41678862679979894,0.5165031863976317,0.47173860393739164,12.0
-0.5624839526000399,-0.4594837639243579,-0.5139521674911925,0.6720493763715545,0.8468031779649211,0.7580818472806132,0.4028107197113933,0.485225343917229,0.4482214630509621,12.0
-0.5962878430238027,-0.4705587389070154,-0.5260428590380937,0.5678897317929239,0.8278318700518218,0.7451572794024154,0.41389536744262856,0.5196579622559613,0.4575765269501224,12.0
-0.594128439887911,-0.48243454094860283,-0.5261513440311901,0.6121199648576654,0.8290526959227418,0.7428827679242823,0.4297277194617399,0.4976411252695475,0.4601834875717802,12.0
-0.6194585785954481,-0.4978263348254338,-0.5438488361198852,0.5571264593123325,0.8228087053239239,0.7293552442553467,0.4325727075692523,0.49741485822361214,0.462814078508213,12.0
-0.5931388601075425,-0.49775285981065515,-0.5349194059752589,0.614840794987891,0.8009579558644223,0.7371281468967182,0.42529990525383615,0.4941681180926016,0.46051458933358497,12.0
-0.566088906936807,-0.4984743632896127,-0.5343428193337371,0.6757888270946152,0.7938341934236107,0.7394891827940109,0.42697707656625195,0.4888192499930956,0.4574261482048189,12.0
-2.5350145338286514,0.8624752694529595,-0.5112153935507261,-0.2805746375766461,2.3018647403633703,0.8073846634593774,-1.9500692973127987,0.24226467171249227,-0.56855604236775,13.0
-2.3205885028588678,0.8296390492068365,-0.48390566701956755,-0.2502354324900094,2.3144763313022243,0.8356142461185527,-2.3151616552418144,0.436494671378978,-0.5654503319880931,13.0
-2.192453028191889,0.5970338787792087,-0.544989977246026,-0.47437790741781305,2.5818094902274686,0.8207775821200921,-1.3530267062245924,0.35377275343932824,-0.46858592490507756,13.0
-2.742721500318514,0.4633384488483371,-0.6089470892343513,-0.43109981617187865,2.6157628994052287,0.8821166883563868,-1.5191872376988527,0.5638972351817858,-0.4986562568405287,13.0
-2.562803840106811,0.711705100483405,-0.47761134315417403,-0.2027285368854182,2.1157484996557296,0.8273658824478068,-1.4926915714616003,0.2312869730246546,-0.5159747917803194,13.0
-2.623858337428204,0.5680394499692557,-0.47365229861693925,-0.16210171978354496,2.5067388715569567,0.8061310704979705,-2.0339323659436204,0.3022034089474398,-0.49025506117499534,13.0
-2.7210911851257324,0.46706688083023906,-0.6002045065322895,-0.3295286093158626,2.1915801529368073,0.7934200142476393,-1.6863893642121102,0.6038874025681914,-0.49951080530174263,13.0
-2.9312637878549386,0.8568981145046782,-0.6123890544557801,-0.22697736640445193,2.1358598178651724,0.8420246580641823,-2.04226825035681,0.41746500366971956,-0.5846032218617767,13.0
-0.7989185427102898,-0.13241003412126462,-0.6117527660410914,0.49420124620868655,1.0190115450449968,0.7045787589010661,-0.9565999727881311,-0.43118803410646367,-0.8441239480155608,13.0
